,id,province_id,name,alt_name,latitude,longitude
0,1101,11,KABUPATEN SIMEULUE,KABUPATEN SIMEULUE,2.61667,96.08333
1,1102,11,KABUPATEN ACEH SINGKIL,KABUPATEN ACEH SINGKIL,2.41667,97.91667
2,1103,11,KABUPATEN ACEH SELATAN,KABUPATEN ACEH SELATAN,3.16667,97.41667
3,1104,11,KABUPATEN ACEH TENGGARA,KABUPATEN ACEH TENGGARA,3.36667,97.7
4,1105,11,KABUPATEN ACEH TIMUR,KABUPATEN ACEH TIMUR,4.63333,97.63333
5,1106,11,KABUPATEN ACEH TENGAH,KABUPATEN ACEH TENGAH,4.51,96.855
6,1107,11,KABUPATEN ACEH BARAT,KABUPATEN ACEH BARAT,4.45,96.16667
7,1108,11,KABUPATEN ACEH BESAR,KABUPATEN ACEH BESAR,5.38333,95.51667
8,1109,11,KABUPATEN PIDIE,KABUPATEN PIDIE,5.08,96.11
9,1110,11,KABUPATEN BIREUEN,KABUPATEN BIREUEN,5.08333,96.58333
10,1111,11,KABUPATEN ACEH UTARA,KABUPATEN ACEH UTARA,4.97,97.14
11,1112,11,KABUPATEN ACEH BARAT DAYA,KABUPATEN ACEH BARAT DAYA,3.83333,96.88333
12,1113,11,KABUPATEN GAYO LUES,KABUPATEN GAYO LUES,3.95,97.39
13,1114,11,KABUPATEN ACEH TAMIANG,KABUPATEN ACEH TAMIANG,4.25,97.96667
14,1115,11,KABUPATEN NAGAN RAYA,KABUPATEN NAGAN RAYA,4.16667,96.51667
15,1116,11,KABUPATEN ACEH JAYA,KABUPATEN ACEH JAYA,4.86,95.64
16,1117,11,KABUPATEN BENER MERIAH,KABUPATEN BENER MERIAH,4.73015,96.86156
17,1118,11,KABUPATEN PIDIE JAYA,KABUPATEN PIDIE JAYA,5.15,96.21667
18,1171,11,KOTA BANDA ACEH,KOTA BANDA ACEH,5.54167,95.33333
19,1172,11,KOTA SABANG,KOTA SABANG,5.82164,95.31086
20,1173,11,KOTA LANGSA,KOTA LANGSA,4.47,97.93
21,1174,11,KOTA LHOKSEUMAWE,KOTA LHOKSEUMAWE,5.13333,97.06667
22,1175,11,KOTA SUBULUSSALAM,KOTA SUBULUSSALAM,2.75,97.93333
23,1201,12,KABUPATEN NIAS,KABUPATEN NIAS,1.03333,97.76667
24,1202,12,KABUPATEN MANDAILING NATAL,KABUPATEN MANDAILING NATAL,0.78378,99.25495
25,1203,12,KABUPATEN TAPANULI SELATAN,KABUPATEN TAPANULI SELATAN,1.51667,99.25
26,1204,12,KABUPATEN TAPANULI TENGAH,KABUPATEN TAPANULI TENGAH,1.9,98.66667
27,1205,12,KABUPATEN TAPANULI UTARA,KABUPATEN TAPANULI UTARA,2.0028,99.0707
28,1206,12,KABUPATEN TOBA SAMOSIR,KABUPATEN TOBA SAMOSIR,2.39793,99.21678
29,1207,12,KABUPATEN LABUHAN BATU,KABUPATEN LABUHAN BATU,2.26667,100.1
30,1208,12,KABUPATEN ASAHAN,KABUPATEN ASAHAN,2.7833300000000003,99.55
31,1209,12,KABUPATEN SIMALUNGUN,KABUPATEN SIMALUNGUN,2.9,99.0
32,1210,12,KABUPATEN DAIRI,KABUPATEN DAIRI,2.86667,98.23333
33,1211,12,KABUPATEN KARO,KABUPATEN KARO,3.11667,98.3
34,1212,12,KABUPATEN DELI SERDANG,KABUPATEN DELI SERDANG,3.41667,98.66667
35,1213,12,KABUPATEN LANGKAT,KABUPATEN LANGKAT,3.71667,98.21667
36,1214,12,KABUPATEN NIAS SELATAN,KABUPATEN NIAS SELATAN,0.77,97.75
37,1215,12,KABUPATEN HUMBANG HASUNDUTAN,KABUPATEN HUMBANG HASUNDUTAN,2.26551,98.50376
38,1216,12,KABUPATEN PAKPAK BHARAT,KABUPATEN PAKPAK BHARAT,2.5666700000000002,98.28333
39,1217,12,KABUPATEN SAMOSIR,KABUPATEN SAMOSIR,2.64025,98.71525
40,1218,12,KABUPATEN SERDANG BEDAGAI,KABUPATEN SERDANG BEDAGAI,3.36667,99.03333
41,1219,12,KABUPATEN BATU BARA,KABUPATEN BATU BARA,3.16166,99.52652
42,1220,12,KABUPATEN PADANG LAWAS UTARA,KABUPATEN PADANG LAWAS UTARA,1.46011,99.67346
43,1221,12,KABUPATEN PADANG LAWAS,KABUPATEN PADANG LAWAS,1.44684,99.99207
44,1222,12,KABUPATEN LABUHAN BATU SELATAN,KABUPATEN LABUHAN BATU SELATAN,1.983,100.0976
45,1223,12,KABUPATEN LABUHAN BATU UTARA,KABUPATEN LABUHAN BATU UTARA,2.33349,99.63776
46,1224,12,KABUPATEN NIAS UTARA,KABUPATEN NIAS UTARA,1.33037,97.31964
47,1225,12,KABUPATEN NIAS BARAT,KABUPATEN NIAS BARAT,1.05966,97.58606
48,1271,12,KOTA SIBOLGA,KOTA SIBOLGA,1.73333,98.8
49,1272,12,KOTA TANJUNG BALAI,KOTA TANJUNG BALAI,2.95833,99.79167
50,1273,12,KOTA PEMATANG SIANTAR,KOTA PEMATANG SIANTAR,2.96667,99.05
51,1274,12,KOTA TEBING TINGGI,KOTA TEBING TINGGI,3.325,99.14167
52,1275,12,KOTA MEDAN,KOTA MEDAN,3.65,98.66667
53,1276,12,KOTA BINJAI,KOTA BINJAI,3.8,108.23333
54,1277,12,KOTA PADANG SIDEMPUAN,KOTA PADANG SIDEMPUAN,1.37375,99.26843
55,1278,12,KOTA GUNUNGSITOLI,KOTA GUNUNGSITOLI,1.32731,97.55018
56,1301,13,KABUPATEN KEPULAUAN MENTAWAI,KABUPATEN KEPULAUAN MENTAWAI,1.98917,99.51889
57,1302,13,KABUPATEN PESISIR SELATAN,KABUPATEN PESISIR SELATAN,-1.5833300000000001,100.85
58,1303,13,KABUPATEN SOLOK,KABUPATEN SOLOK,-0.96667,100.81667
59,1304,13,KABUPATEN SIJUNJUNG,KABUPATEN SIJUNJUNG,-1.1827,101.6056
60,1305,13,KABUPATEN TANAH DATAR,KABUPATEN TANAH DATAR,-0.4555,100.5771
61,1306,13,KABUPATEN PADANG PARIAMAN,KABUPATEN PADANG PARIAMAN,-0.6000000000000001,100.28333
62,1307,13,KABUPATEN AGAM,KABUPATEN AGAM,-0.25,100.16667
63,1308,13,KABUPATEN LIMA PULUH KOTA,KABUPATEN LIMA PULUH KOTA,-0.016800000000000002,100.5872
64,1309,13,KABUPATEN PASAMAN,KABUPATEN PASAMAN,0.42503,99.94606
65,1310,13,KABUPATEN SOLOK SELATAN,KABUPATEN SOLOK SELATAN,-1.23333,101.417
66,1311,13,KABUPATEN DHARMASRAYA,KABUPATEN DHARMASRAYA,-1.05,101.367
67,1312,13,KABUPATEN PASAMAN BARAT,KABUPATEN PASAMAN BARAT,0.28152000000000005,99.51965
68,1371,13,KOTA PADANG,KOTA PADANG,-0.98333,100.45
69,1372,13,KOTA SOLOK,KOTA SOLOK,-0.7666700000000001,100.61667
70,1373,13,KOTA SAWAH LUNTO,KOTA SAWAH LUNTO,-0.6000000000000001,100.75
71,1374,13,KOTA PADANG PANJANG,KOTA PADANG PANJANG,-0.45,100.43333
72,1375,13,KOTA BUKITTINGGI,KOTA BUKITTINGGI,-0.275,100.375
73,1376,13,KOTA PAYAKUMBUH,KOTA PAYAKUMBUH,-0.23333,100.63333
74,1377,13,KOTA PARIAMAN,KOTA PARIAMAN,-0.62682,100.12047
75,1401,14,KABUPATEN KUANTAN SINGINGI,KABUPATEN KUANTAN SINGINGI,-0.47532,101.45857
76,1402,14,KABUPATEN INDRAGIRI HULU,KABUPATEN INDRAGIRI HULU,-0.55,102.31667
77,1403,14,KABUPATEN INDRAGIRI HILIR,KABUPATEN INDRAGIRI HILIR,-0.33333,103.16667
78,1404,14,KABUPATEN PELALAWAN,KABUPATEN PELALAWAN,0.20822000000000002,102.18607
79,1405,14,KABUPATEN SIAK,KABUPATEN SIAK,0.9745300000000001,102.01355
80,1406,14,KABUPATEN KAMPAR,KABUPATEN KAMPAR,0.23440000000000003,101.2131
81,1407,14,KABUPATEN ROKAN HULU,KABUPATEN ROKAN HULU,0.8833300000000001,100.48333
82,1408,14,KABUPATEN BENGKALIS,KABUPATEN BENGKALIS,0.9838,102.5096
83,1409,14,KABUPATEN ROKAN HILIR,KABUPATEN ROKAN HILIR,2.16599,100.82514
84,1410,14,KABUPATEN KEPULAUAN MERANTI,KABUPATEN KEPULAUAN MERANTI,0.9748800000000001,102.69539
85,1471,14,KOTA PEKANBARU,KOTA PEKANBARU,0.5333300000000001,101.46667
86,1473,14,KOTA DUMAI,KOTA DUMAI,1.61592,101.4917
87,1501,15,KABUPATEN KERINCI,KABUPATEN KERINCI,-2.03333,101.53333
88,1502,15,KABUPATEN MERANGIN,KABUPATEN MERANGIN,-2.06933,102.13303
89,1503,15,KABUPATEN SAROLANGUN,KABUPATEN SAROLANGUN,-2.3,102.65
90,1504,15,KABUPATEN BATANG HARI,KABUPATEN BATANG HARI,-1.75,103.11667
91,1505,15,KABUPATEN MUARO JAMBI,KABUPATEN MUARO JAMBI,-1.55214,103.82163
92,1506,15,KABUPATEN TANJUNG JABUNG TIMUR,KABUPATEN TANJUNG JABUNG TIMUR,-1.13198,103.61755
93,1507,15,KABUPATEN TANJUNG JABUNG BARAT,KABUPATEN TANJUNG JABUNG BARAT,-1.1544,103.24402
94,1508,15,KABUPATEN TEBO,KABUPATEN TEBO,-1.4557600000000002,102.37473
95,1509,15,KABUPATEN BUNGO,KABUPATEN BUNGO,-1.5022199999999999,101.96
96,1571,15,KOTA JAMBI,KOTA JAMBI,-1.61667,103.65
97,1572,15,KOTA SUNGAI PENUH,KOTA SUNGAI PENUH,-2.10896,101.32175
98,1601,16,KABUPATEN OGAN KOMERING ULU,KABUPATEN OGAN KOMERING ULU,-4.13333,104.03333
99,1602,16,KABUPATEN OGAN KOMERING ILIR,KABUPATEN OGAN KOMERING ILIR,-3.36667,105.36667
100,1603,16,KABUPATEN MUARA ENIM,KABUPATEN MUARA ENIM,-4.2327,103.6141
101,1604,16,KABUPATEN LAHAT,KABUPATEN LAHAT,-3.7864,103.5428
102,1605,16,KABUPATEN MUSI RAWAS,KABUPATEN MUSI RAWAS,-3.08333,103.2
103,1606,16,KABUPATEN MUSI BANYU ASIN,KABUPATEN MUSI BANYU ASIN,-2.41667,103.75
104,1607,16,KABUPATEN BANYU ASIN,KABUPATEN BANYU ASIN,-2.88333,104.38306
105,1608,16,KABUPATEN OGAN KOMERING ULU SELATAN,KABUPATEN OGAN KOMERING ULU SELATAN,-4.65728,104.00659
106,1609,16,KABUPATEN OGAN KOMERING ULU TIMUR,KABUPATEN OGAN KOMERING ULU TIMUR,-3.85679,104.75209
107,1610,16,KABUPATEN OGAN ILIR,KABUPATEN OGAN ILIR,-3.43186,104.62727
108,1611,16,KABUPATEN EMPAT LAWANG,KABUPATEN EMPAT LAWANG,3.22667,99.09256
109,1612,16,KABUPATEN PENUKAL ABAB LEMATANG ILIR,KABUPATEN PENUKAL ABAB LEMATANG ILIR,-3.21342,104.08722
110,1613,16,KABUPATEN MUSI RAWAS UTARA,KABUPATEN MUSI RAWAS UTARA,-2.4853300000000003,103.29346
111,1671,16,KOTA PALEMBANG,KOTA PALEMBANG,-3.0,104.71667
112,1672,16,KOTA PRABUMULIH,KOTA PRABUMULIH,-3.46202,104.2229
113,1673,16,KOTA PAGAR ALAM,KOTA PAGAR ALAM,-4.13055,103.26822
114,1674,16,KOTA LUBUK LINGGAU,KOTA LUBUK LINGGAU,-3.29308,102.85503
115,1701,17,KABUPATEN BENGKULU SELATAN,KABUPATEN BENGKULU SELATAN,-4.35,103.03333
116,1702,17,KABUPATEN REJANG LEBONG,KABUPATEN REJANG LEBONG,-3.43333,102.71667
117,1703,17,KABUPATEN BENGKULU UTARA,KABUPATEN BENGKULU UTARA,-3.33333,102.05
118,1704,17,KABUPATEN KAUR,KABUPATEN KAUR,-4.78179,103.36109
119,1705,17,KABUPATEN SELUMA,KABUPATEN SELUMA,-3.96644,102.47429
120,1706,17,KABUPATEN MUKOMUKO,KABUPATEN MUKOMUKO,-3.07438,101.54766
121,1707,17,KABUPATEN LEBONG,KABUPATEN LEBONG,-3.24278,102.3349
122,1708,17,KABUPATEN KEPAHIANG,KABUPATEN KEPAHIANG,-3.60194,102.56424
123,1709,17,KABUPATEN BENGKULU TENGAH,KABUPATEN BENGKULU TENGAH,-3.20679,102.12616
124,1771,17,KOTA BENGKULU,KOTA BENGKULU,-3.8166700000000002,102.31667
125,1801,18,KABUPATEN LAMPUNG BARAT,KABUPATEN LAMPUNG BARAT,-5.14904,104.19309
126,1802,18,KABUPATEN TANGGAMUS,KABUPATEN TANGGAMUS,-5.38508,104.62349
127,1803,18,KABUPATEN LAMPUNG SELATAN,KABUPATEN LAMPUNG SELATAN,-5.4531,104.9877
128,1804,18,KABUPATEN LAMPUNG TIMUR,KABUPATEN LAMPUNG TIMUR,-5.10273,105.68003
129,1805,18,KABUPATEN LAMPUNG TENGAH,KABUPATEN LAMPUNG TENGAH,-4.86667,105.26667
130,1806,18,KABUPATEN LAMPUNG UTARA,KABUPATEN LAMPUNG UTARA,-4.81667,104.8
131,1807,18,KABUPATEN WAY KANAN,KABUPATEN WAY KANAN,-4.44705,104.52753
132,1808,18,KABUPATEN TULANGBAWANG,KABUPATEN TULANGBAWANG,-4.20604,105.57999
133,1809,18,KABUPATEN PESAWARAN,KABUPATEN PESAWARAN,-5.4298,105.17899
134,1810,18,KABUPATEN PRINGSEWU,KABUPATEN PRINGSEWU,-5.42211,104.93454
135,1811,18,KABUPATEN MESUJI,KABUPATEN MESUJI,-4.0439,105.4013
136,1812,18,KABUPATEN TULANG BAWANG BARAT,KABUPATEN TULANG BAWANG BARAT,-4.43975,105.0444
137,1813,18,KABUPATEN PESISIR BARAT,KABUPATEN PESISIR BARAT,-5.19323,103.93976
138,1871,18,KOTA BANDAR LAMPUNG,KOTA BANDAR LAMPUNG,-5.41667,105.25
139,1872,18,KOTA METRO,KOTA METRO,-5.11856,105.29949
140,1901,19,KABUPATEN BANGKA,KABUPATEN BANGKA,-1.91667,105.93333
141,1902,19,KABUPATEN BELITUNG,KABUPATEN BELITUNG,-2.86667,107.7
142,1903,19,KABUPATEN BANGKA BARAT,KABUPATEN BANGKA BARAT,-1.95839,105.53741
143,1904,19,KABUPATEN BANGKA TENGAH,KABUPATEN BANGKA TENGAH,-2.33989,106.1142
144,1905,19,KABUPATEN BANGKA SELATAN,KABUPATEN BANGKA SELATAN,-2.66803,106.01257
145,1906,19,KABUPATEN BELITUNG TIMUR,KABUPATEN BELITUNG TIMUR,-2.9627,108.15216
146,1971,19,KOTA PANGKAL PINANG,KOTA PANGKAL PINANG,-2.13333,106.13333
147,2101,21,KABUPATEN KARIMUN,KABUPATEN KARIMUN,0.80764,103.41911
148,2102,21,KABUPATEN BINTAN,KABUPATEN BINTAN,0.9500000000000001,104.61944
149,2103,21,KABUPATEN NATUNA,KABUPATEN NATUNA,4.71417,107.97639
150,2104,21,KABUPATEN LINGGA,KABUPATEN LINGGA,0.2,104.61667
151,2105,21,KABUPATEN KEPULAUAN ANAMBAS,KABUPATEN KEPULAUAN ANAMBAS,3.0,106.0
152,2171,21,KOTA BATAM,KOTA BATAM,1.05211,104.02851
153,2172,21,KOTA TANJUNG PINANG,KOTA TANJUNG PINANG,0.91683,104.44329
154,3101,31,KABUPATEN KEPULAUAN SERIBU,KABUPATEN KEPULAUAN SERIBU,-5.5985,106.55271
155,3171,31,KOTA JAKARTA SELATAN,KOTA JAKARTA SELATAN,-6.266,106.8135
156,3172,31,KOTA JAKARTA TIMUR,KOTA JAKARTA TIMUR,-6.2521,106.884
157,3173,31,KOTA JAKARTA PUSAT,KOTA JAKARTA PUSAT,-6.1777,106.8403
158,3174,31,KOTA JAKARTA BARAT,KOTA JAKARTA BARAT,-6.1676,106.7673
159,3175,31,KOTA JAKARTA UTARA,KOTA JAKARTA UTARA,-6.1339,106.8823
160,3201,32,KABUPATEN BOGOR,KABUPATEN BOGOR,-6.58333,106.71667
161,3202,32,KABUPATEN SUKABUMI,KABUPATEN SUKABUMI,-7.06667,106.7
162,3203,32,KABUPATEN CIANJUR,KABUPATEN CIANJUR,-6.7725,107.08306
163,3204,32,KABUPATEN BANDUNG,KABUPATEN BANDUNG,-7.1,107.6
164,3205,32,KABUPATEN GARUT,KABUPATEN GARUT,-7.38333,107.76667
165,3206,32,KABUPATEN TASIKMALAYA,KABUPATEN TASIKMALAYA,-7.5,108.13333
166,3207,32,KABUPATEN CIAMIS,KABUPATEN CIAMIS,-7.28333,108.41667
167,3208,32,KABUPATEN KUNINGAN,KABUPATEN KUNINGAN,-7.0,108.55
168,3209,32,KABUPATEN CIREBON,KABUPATEN CIREBON,-6.8,108.56667
169,3210,32,KABUPATEN MAJALENGKA,KABUPATEN MAJALENGKA,-6.81667,108.28333
170,3211,32,KABUPATEN SUMEDANG,KABUPATEN SUMEDANG,-6.81667,107.98333
171,3212,32,KABUPATEN INDRAMAYU,KABUPATEN INDRAMAYU,-6.45,108.16667
172,3213,32,KABUPATEN SUBANG,KABUPATEN SUBANG,-6.50833,107.7025
173,3214,32,KABUPATEN PURWAKARTA,KABUPATEN PURWAKARTA,-6.58333,107.45
174,3215,32,KABUPATEN KARAWANG,KABUPATEN KARAWANG,-6.26667,107.41667
175,3216,32,KABUPATEN BEKASI,KABUPATEN BEKASI,-6.24667,107.10833
176,3217,32,KABUPATEN BANDUNG BARAT,KABUPATEN BANDUNG BARAT,-6.83333,107.48333
177,3218,32,KABUPATEN PANGANDARAN,KABUPATEN PANGANDARAN,-7.6673,108.64037
178,3271,32,KOTA BOGOR,KOTA BOGOR,-6.59167,106.8
179,3272,32,KOTA SUKABUMI,KOTA SUKABUMI,-6.95,106.93333
180,3273,32,KOTA BANDUNG,KOTA BANDUNG,-6.9175,107.62444
181,3274,32,KOTA CIREBON,KOTA CIREBON,-6.75,108.55
182,3275,32,KOTA BEKASI,KOTA BEKASI,-6.28333,106.98333
183,3276,32,KOTA DEPOK,KOTA DEPOK,-6.4,106.81667
184,3277,32,KOTA CIMAHI,KOTA CIMAHI,-6.89167,107.55
185,3278,32,KOTA TASIKMALAYA,KOTA TASIKMALAYA,-7.35,108.21667
186,3279,32,KOTA BANJAR,KOTA BANJAR,-7.36996,108.53209
187,3301,33,KABUPATEN CILACAP,KABUPATEN CILACAP,-7.5741700000000005,108.98861
188,3302,33,KABUPATEN BANYUMAS,KABUPATEN BANYUMAS,-7.45,109.16667
189,3303,33,KABUPATEN PURBALINGGA,KABUPATEN PURBALINGGA,-7.28417,109.35028
190,3304,33,KABUPATEN BANJARNEGARA,KABUPATEN BANJARNEGARA,-7.35111,109.5875
191,3305,33,KABUPATEN KEBUMEN,KABUPATEN KEBUMEN,-7.63917,109.66056
192,3306,33,KABUPATEN PURWOREJO,KABUPATEN PURWOREJO,-7.7,109.96667
193,3307,33,KABUPATEN WONOSOBO,KABUPATEN WONOSOBO,-7.36139,109.92667
194,3308,33,KABUPATEN MAGELANG,KABUPATEN MAGELANG,-7.4275,110.16194
195,3309,33,KABUPATEN BOYOLALI,KABUPATEN BOYOLALI,-7.5,110.7
196,3310,33,KABUPATEN KLATEN,KABUPATEN KLATEN,-7.68333,110.61667
197,3311,33,KABUPATEN SUKOHARJO,KABUPATEN SUKOHARJO,-7.68333,110.83333
198,3312,33,KABUPATEN WONOGIRI,KABUPATEN WONOGIRI,-7.91667,111.0
199,3313,33,KABUPATEN KARANGANYAR,KABUPATEN KARANGANYAR,-7.62806,111.0625
200,3314,33,KABUPATEN SRAGEN,KABUPATEN SRAGEN,-7.41278,110.935
201,3315,33,KABUPATEN GROBOGAN,KABUPATEN GROBOGAN,-7.11667,110.91667
202,3316,33,KABUPATEN BLORA,KABUPATEN BLORA,-7.06667,111.38333
203,3317,33,KABUPATEN REMBANG,KABUPATEN REMBANG,-6.78333,111.46667
204,3318,33,KABUPATEN PATI,KABUPATEN PATI,-6.76667,111.1
205,3319,33,KABUPATEN KUDUS,KABUPATEN KUDUS,-6.8,110.86667
206,3320,33,KABUPATEN JEPARA,KABUPATEN JEPARA,-6.58333,110.76667
207,3321,33,KABUPATEN DEMAK,KABUPATEN DEMAK,-6.8993,110.6122
208,3322,33,KABUPATEN SEMARANG,KABUPATEN SEMARANG,-7.20667,110.44139
209,3323,33,KABUPATEN TEMANGGUNG,KABUPATEN TEMANGGUNG,-7.25,110.11667
210,3324,33,KABUPATEN KENDAL,KABUPATEN KENDAL,-7.0256,110.1685
211,3325,33,KABUPATEN BATANG,KABUPATEN BATANG,-7.03333,109.88333
212,3326,33,KABUPATEN PEKALONGAN,KABUPATEN PEKALONGAN,-7.0319,109.624
213,3327,33,KABUPATEN PEMALANG,KABUPATEN PEMALANG,-7.03333,109.4
214,3328,33,KABUPATEN TEGAL,KABUPATEN TEGAL,-7.03333,109.16667
215,3329,33,KABUPATEN BREBES,KABUPATEN BREBES,-7.05,108.9
216,3371,33,KOTA MAGELANG,KOTA MAGELANG,-7.5,110.225
217,3372,33,KOTA SURAKARTA,KOTA SURAKARTA,-7.55,110.81667
218,3373,33,KOTA SALATIGA,KOTA SALATIGA,-7.33278,110.48333
219,3374,33,KOTA SEMARANG,KOTA SEMARANG,-7.03333,110.38333
220,3375,33,KOTA PEKALONGAN,KOTA PEKALONGAN,-6.9,109.68333
221,3376,33,KOTA TEGAL,KOTA TEGAL,-6.8686,109.1129
222,3401,34,KABUPATEN KULON PROGO,KABUPATEN KULON PROGO,-7.645,110.02694
223,3402,34,KABUPATEN BANTUL,KABUPATEN BANTUL,-7.9,110.36667
224,3403,34,KABUPATEN GUNUNG KIDUL,KABUPATEN GUNUNG KIDUL,-7.9833300000000005,110.61667
225,3404,34,KABUPATEN SLEMAN,KABUPATEN SLEMAN,-7.68167,110.32333
226,3471,34,KOTA YOGYAKARTA,KOTA YOGYAKARTA,-7.8,110.375
227,3501,35,KABUPATEN PACITAN,KABUPATEN PACITAN,-8.13333,111.16667
228,3502,35,KABUPATEN PONOROGO,KABUPATEN PONOROGO,-7.93333,111.5
229,3503,35,KABUPATEN TRENGGALEK,KABUPATEN TRENGGALEK,-8.16667,111.61667
230,3504,35,KABUPATEN TULUNGAGUNG,KABUPATEN TULUNGAGUNG,-8.11667,111.91667
231,3505,35,KABUPATEN BLITAR,KABUPATEN BLITAR,-8.13333,112.25
232,3506,35,KABUPATEN KEDIRI,KABUPATEN KEDIRI,-7.83333,112.16667
233,3507,35,KABUPATEN MALANG,KABUPATEN MALANG,-8.16667,112.66667
234,3508,35,KABUPATEN LUMAJANG,KABUPATEN LUMAJANG,-8.11667,113.15
235,3509,35,KABUPATEN JEMBER,KABUPATEN JEMBER,-8.25,113.65
236,3510,35,KABUPATEN BANYUWANGI,KABUPATEN BANYUWANGI,-8.33333,114.2
237,3511,35,KABUPATEN BONDOWOSO,KABUPATEN BONDOWOSO,-7.9404,113.9834
238,3512,35,KABUPATEN SITUBONDO,KABUPATEN SITUBONDO,-7.71667,114.05
239,3513,35,KABUPATEN PROBOLINGGO,KABUPATEN PROBOLINGGO,-7.86667,113.31667
240,3514,35,KABUPATEN PASURUAN,KABUPATEN PASURUAN,-7.7333300000000005,112.83333
241,3515,35,KABUPATEN SIDOARJO,KABUPATEN SIDOARJO,-7.45,112.7
242,3516,35,KABUPATEN MOJOKERTO,KABUPATEN MOJOKERTO,-7.55,112.5
243,3517,35,KABUPATEN JOMBANG,KABUPATEN JOMBANG,-7.55,112.25
244,3518,35,KABUPATEN NGANJUK,KABUPATEN NGANJUK,-7.6,111.93333
245,3519,35,KABUPATEN MADIUN,KABUPATEN MADIUN,-7.61667,111.65
246,3520,35,KABUPATEN MAGETAN,KABUPATEN MAGETAN,-7.64472,111.35917
247,3521,35,KABUPATEN NGAWI,KABUPATEN NGAWI,-7.47444,111.33444
248,3522,35,KABUPATEN BOJONEGORO,KABUPATEN BOJONEGORO,-7.25,111.8
249,3523,35,KABUPATEN TUBAN,KABUPATEN TUBAN,-6.96667,111.9
250,3524,35,KABUPATEN LAMONGAN,KABUPATEN LAMONGAN,-7.13333,112.31667
251,3525,35,KABUPATEN GRESIK,KABUPATEN GRESIK,-7.1933,112.553
252,3526,35,KABUPATEN BANGKALAN,KABUPATEN BANGKALAN,-7.05,112.93333
253,3527,35,KABUPATEN SAMPANG,KABUPATEN SAMPANG,-7.05,113.25
254,3528,35,KABUPATEN PAMEKASAN,KABUPATEN PAMEKASAN,-7.06667,113.5
255,3529,35,KABUPATEN SUMENEP,KABUPATEN SUMENEP,-7.11667,114.33333
256,3571,35,KOTA KEDIRI,KOTA KEDIRI,-7.83333,112.01667
257,3572,35,KOTA BLITAR,KOTA BLITAR,-8.1,112.16667
258,3573,35,KOTA MALANG,KOTA MALANG,-7.975,112.63333
259,3574,35,KOTA PROBOLINGGO,KOTA PROBOLINGGO,-7.78333,113.21667
260,3575,35,KOTA PASURUAN,KOTA PASURUAN,-7.65,112.9
261,3576,35,KOTA MOJOKERTO,KOTA MOJOKERTO,-7.46667,112.43333
262,3577,35,KOTA MADIUN,KOTA MADIUN,-7.63333,111.53333
263,3578,35,KOTA SURABAYA,KOTA SURABAYA,-7.26667,112.71667
264,3579,35,KOTA BATU,KOTA BATU,-7.83272,112.53751
265,3601,36,KABUPATEN PANDEGLANG,KABUPATEN PANDEGLANG,-6.63333,105.75
266,3602,36,KABUPATEN LEBAK,KABUPATEN LEBAK,-6.65,106.21667
267,3603,36,KABUPATEN TANGERANG,KABUPATEN TANGERANG,-6.2,106.46667
268,3604,36,KABUPATEN SERANG,KABUPATEN SERANG,-6.15,106.0
269,3671,36,KOTA TANGERANG,KOTA TANGERANG,-6.17944,106.62991
270,3672,36,KOTA CILEGON,KOTA CILEGON,-6.01667,106.01667
271,3673,36,KOTA SERANG,KOTA SERANG,-6.12563,106.14999
272,3674,36,KOTA TANGERANG SELATAN,KOTA TANGERANG SELATAN,-6.29373,106.71244
273,5101,51,KABUPATEN JEMBRANA,KABUPATEN JEMBRANA,-8.3,114.66667
274,5102,51,KABUPATEN TABANAN,KABUPATEN TABANAN,-8.43333,115.06667
275,5103,51,KABUPATEN BADUNG,KABUPATEN BADUNG,-8.51667,115.2
276,5104,51,KABUPATEN GIANYAR,KABUPATEN GIANYAR,-8.46667,115.28333
277,5105,51,KABUPATEN KLUNGKUNG,KABUPATEN KLUNGKUNG,-8.55,115.4
278,5106,51,KABUPATEN BANGLI,KABUPATEN BANGLI,-8.28333,115.35
279,5107,51,KABUPATEN KARANG ASEM,KABUPATEN KARANG ASEM,-8.3891,115.5393
280,5108,51,KABUPATEN BULELENG,KABUPATEN BULELENG,-8.25,114.96667
281,5171,51,KOTA DENPASAR,KOTA DENPASAR,-8.66667,115.21663
282,5201,52,KABUPATEN LOMBOK BARAT,KABUPATEN LOMBOK BARAT,-8.69583,116.11667
283,5202,52,KABUPATEN LOMBOK TENGAH,KABUPATEN LOMBOK TENGAH,-8.7,116.3
284,5203,52,KABUPATEN LOMBOK TIMUR,KABUPATEN LOMBOK TIMUR,-8.53333,116.53333
285,5204,52,KABUPATEN SUMBAWA,KABUPATEN SUMBAWA,-8.7439,117.3324
286,5205,52,KABUPATEN DOMPU,KABUPATEN DOMPU,-8.5094,118.4816
287,5206,52,KABUPATEN BIMA,KABUPATEN BIMA,-8.6,118.61667
288,5207,52,KABUPATEN SUMBAWA BARAT,KABUPATEN SUMBAWA BARAT,-8.75159,116.92132
289,5208,52,KABUPATEN LOMBOK UTARA,KABUPATEN LOMBOK UTARA,-8.35214,116.40152
290,5271,52,KOTA MATARAM,KOTA MATARAM,-8.5833,116.1167
291,5272,52,KOTA BIMA,KOTA BIMA,-8.46728,118.75259
292,5301,53,KABUPATEN SUMBA BARAT,KABUPATEN SUMBA BARAT,-9.56667,119.45
293,5302,53,KABUPATEN SUMBA TIMUR,KABUPATEN SUMBA TIMUR,-9.88333,120.25
294,5303,53,KABUPATEN KUPANG,KABUPATEN KUPANG,-9.91667,123.83333
295,5304,53,KABUPATEN TIMOR TENGAH SELATAN,KABUPATEN TIMOR TENGAH SELATAN,-9.83333,124.4
296,5305,53,KABUPATEN TIMOR TENGAH UTARA,KABUPATEN TIMOR TENGAH UTARA,-9.33136,124.51904
297,5306,53,KABUPATEN BELU,KABUPATEN BELU,-9.41258,124.95066
298,5307,53,KABUPATEN ALOR,KABUPATEN ALOR,-8.3,124.56667
299,5308,53,KABUPATEN LEMBATA,KABUPATEN LEMBATA,-8.41396,123.55225
300,5309,53,KABUPATEN FLORES TIMUR,KABUPATEN FLORES TIMUR,-8.24224,122.96817
301,5310,53,KABUPATEN SIKKA,KABUPATEN SIKKA,-8.66667,122.36667
302,5311,53,KABUPATEN ENDE,KABUPATEN ENDE,-8.84056,121.66389
303,5312,53,KABUPATEN NGADA,KABUPATEN NGADA,-8.66667,121.0
304,5313,53,KABUPATEN MANGGARAI,KABUPATEN MANGGARAI,-8.56667,120.41667
305,5314,53,KABUPATEN ROTE NDAO,KABUPATEN ROTE NDAO,-10.73617,123.12054
306,5315,53,KABUPATEN MANGGARAI BARAT,KABUPATEN MANGGARAI BARAT,-8.64484,119.88281
307,5316,53,KABUPATEN SUMBA TENGAH,KABUPATEN SUMBA TENGAH,-9.62941,119.61914
308,5317,53,KABUPATEN SUMBA BARAT DAYA,KABUPATEN SUMBA BARAT DAYA,-9.56216,119.08905
309,5318,53,KABUPATEN NAGEKEO,KABUPATEN NAGEKEO,-8.8721,121.20963
310,5319,53,KABUPATEN MANGGARAI TIMUR,KABUPATEN MANGGARAI TIMUR,-8.55533,120.59761
311,5320,53,KABUPATEN SABU RAIJUA,KABUPATEN SABU RAIJUA,-10.56286,121.78894
312,5321,53,KABUPATEN MALAKA,KABUPATEN MALAKA,-9.5632,124.89481
313,5371,53,KOTA KUPANG,KOTA KUPANG,-10.21667,123.6
314,6101,61,KABUPATEN SAMBAS,KABUPATEN SAMBAS,1.41667,109.33333
315,6102,61,KABUPATEN BENGKAYANG,KABUPATEN BENGKAYANG,1.06911,109.66393
316,6103,61,KABUPATEN LANDAK,KABUPATEN LANDAK,0.42373000000000005,109.75917
317,6104,61,KABUPATEN MEMPAWAH,KABUPATEN MEMPAWAH,0.25,109.16667
318,6105,61,KABUPATEN SANGGAU,KABUPATEN SANGGAU,0.25472,110.45
319,6106,61,KABUPATEN KETAPANG,KABUPATEN KETAPANG,-1.5833300000000001,110.5
320,6107,61,KABUPATEN SINTANG,KABUPATEN SINTANG,-0.08333,112.08333
321,6108,61,KABUPATEN KAPUAS HULU,KABUPATEN KAPUAS HULU,0.8166700000000001,112.76667
322,6109,61,KABUPATEN SEKADAU,KABUPATEN SEKADAU,0.034850000000000006,110.95066
323,6110,61,KABUPATEN MELAWI,KABUPATEN MELAWI,-0.33617,111.698
324,6111,61,KABUPATEN KAYONG UTARA,KABUPATEN KAYONG UTARA,-1.43711,110.79781
325,6112,61,KABUPATEN KUBU RAYA,KABUPATEN KUBU RAYA,0.016370000000000003,109.33731
326,6171,61,KOTA PONTIANAK,KOTA PONTIANAK,-0.08333,109.36667
327,6172,61,KOTA SINGKAWANG,KOTA SINGKAWANG,0.90734,109.00103
328,6201,62,KABUPATEN KOTAWARINGIN BARAT,KABUPATEN KOTAWARINGIN BARAT,-2.4,111.73333
329,6202,62,KABUPATEN KOTAWARINGIN TIMUR,KABUPATEN KOTAWARINGIN TIMUR,-2.08333,112.75
330,6203,62,KABUPATEN KAPUAS,KABUPATEN KAPUAS,-2.01667,114.38333
331,6204,62,KABUPATEN BARITO SELATAN,KABUPATEN BARITO SELATAN,-1.86667,114.73333
332,6205,62,KABUPATEN BARITO UTARA,KABUPATEN BARITO UTARA,-0.98333,115.1
333,6206,62,KABUPATEN SUKAMARA,KABUPATEN SUKAMARA,-2.62675,111.23681
334,6207,62,KABUPATEN LAMANDAU,KABUPATEN LAMANDAU,-1.8382800000000001,111.2869
335,6208,62,KABUPATEN SERUYAN,KABUPATEN SERUYAN,-2.33333,112.25
336,6209,62,KABUPATEN KATINGAN,KABUPATEN KATINGAN,-2.0666700000000002,113.4
337,6210,62,KABUPATEN PULANG PISAU,KABUPATEN PULANG PISAU,-3.11858,113.8623
338,6211,62,KABUPATEN GUNUNG MAS,KABUPATEN GUNUNG MAS,-0.9500000000000001,113.5
339,6212,62,KABUPATEN BARITO TIMUR,KABUPATEN BARITO TIMUR,-1.9333300000000002,115.1
340,6213,62,KABUPATEN MURUNG RAYA,KABUPATEN MURUNG RAYA,-0.01667,114.26667
341,6271,62,KOTA PALANGKA RAYA,KOTA PALANGKA RAYA,-1.76979,113.73126
342,6301,63,KABUPATEN TANAH LAUT,KABUPATEN TANAH LAUT,-3.88333,114.86667
343,6302,63,KABUPATEN KOTA BARU,KABUPATEN KOTA BARU,-3.0,116.0
344,6303,63,KABUPATEN BANJAR,KABUPATEN BANJAR,-3.3166700000000002,115.08333
345,6304,63,KABUPATEN BARITO KUALA,KABUPATEN BARITO KUALA,-3.08333,114.61667
346,6305,63,KABUPATEN TAPIN,KABUPATEN TAPIN,-2.91667,115.03333
347,6306,63,KABUPATEN HULU SUNGAI SELATAN,KABUPATEN HULU SUNGAI SELATAN,-2.75,115.2
348,6307,63,KABUPATEN HULU SUNGAI TENGAH,KABUPATEN HULU SUNGAI TENGAH,-2.61667,115.41667
349,6308,63,KABUPATEN HULU SUNGAI UTARA,KABUPATEN HULU SUNGAI UTARA,-2.45,115.13333
350,6309,63,KABUPATEN TABALONG,KABUPATEN TABALONG,-1.88333,115.5
351,6310,63,KABUPATEN TANAH BUMBU,KABUPATEN TANAH BUMBU,-3.45413,115.70372
352,6311,63,KABUPATEN BALANGAN,KABUPATEN BALANGAN,-2.32314,115.62922
353,6371,63,KOTA BANJARMASIN,KOTA BANJARMASIN,-3.32444,114.59102
354,6372,63,KOTA BANJAR BARU,KOTA BANJAR BARU,-3.41667,114.83333
355,6401,64,KABUPATEN PASER,KABUPATEN PASER,-1.43517,116.23535
356,6402,64,KABUPATEN KUTAI BARAT,KABUPATEN KUTAI BARAT,-0.5941700000000001,115.51575
357,6403,64,KABUPATEN KUTAI KARTANEGARA,KABUPATEN KUTAI KARTANEGARA,-0.44019,116.98139
358,6404,64,KABUPATEN KUTAI TIMUR,KABUPATEN KUTAI TIMUR,1.03769,117.83112
359,6405,64,KABUPATEN BERAU,KABUPATEN BERAU,2.0,117.3
360,6409,64,KABUPATEN PENAJAM PASER UTARA,KABUPATEN PENAJAM PASER UTARA,-1.25,116.83333
361,6411,64,KABUPATEN MAHAKAM HULU,KABUPATEN MAHAKAM HULU,0.37822000000000006,115.38048
362,6471,64,KOTA BALIKPAPAN,KOTA BALIKPAPAN,-1.16667,116.88333
363,6472,64,KOTA SAMARINDA,KOTA SAMARINDA,-0.43333000000000005,117.18333
364,6474,64,KOTA BONTANG,KOTA BONTANG,0.12526,117.49603
365,6501,65,KABUPATEN MALINAU,KABUPATEN MALINAU,2.45,115.68333
366,6502,65,KABUPATEN BULUNGAN,KABUPATEN BULUNGAN,3.0,117.16667
367,6503,65,KABUPATEN TANA TIDUNG,KABUPATEN TANA TIDUNG,3.55,117.25
368,6504,65,KABUPATEN NUNUKAN,KABUPATEN NUNUKAN,4.13333,116.7
369,6571,65,KOTA TARAKAN,KOTA TARAKAN,3.36667,117.6
370,7101,71,KABUPATEN BOLAANG MONGONDOW,KABUPATEN BOLAANG MONGONDOW,0.75,124.08333
371,7102,71,KABUPATEN MINAHASA,KABUPATEN MINAHASA,1.2537,124.83
372,7103,71,KABUPATEN KEPULAUAN SANGIHE,KABUPATEN KEPULAUAN SANGIHE,3.5,125.55
373,7104,71,KABUPATEN KEPULAUAN TALAUD,KABUPATEN KEPULAUAN TALAUD,4.31178,126.78085
374,7105,71,KABUPATEN MINAHASA SELATAN,KABUPATEN MINAHASA SELATAN,1.21291,124.59708
375,7106,71,KABUPATEN MINAHASA UTARA,KABUPATEN MINAHASA UTARA,1.4025,124.96
376,7107,71,KABUPATEN BOLAANG MONGONDOW UTARA,KABUPATEN BOLAANG MONGONDOW UTARA,0.78527,123.41766
377,7108,71,KABUPATEN SIAU TAGULANDANG BIARO,KABUPATEN SIAU TAGULANDANG BIARO,2.11728,125.37512
378,7109,71,KABUPATEN MINAHASA TENGGARA,KABUPATEN MINAHASA TENGGARA,1.05633,124.7925
379,7110,71,KABUPATEN BOLAANG MONGONDOW SELATAN,KABUPATEN BOLAANG MONGONDOW SELATAN,0.40912000000000004,123.75961
380,7111,71,KABUPATEN BOLAANG MONGONDOW TIMUR,KABUPATEN BOLAANG MONGONDOW TIMUR,0.7207300000000001,124.50256
381,7171,71,KOTA MANADO,KOTA MANADO,1.51667,124.88333
382,7172,71,KOTA BITUNG,KOTA BITUNG,1.48333,125.15
383,7173,71,KOTA TOMOHON,KOTA TOMOHON,1.31307,124.83404
384,7174,71,KOTA KOTAMOBAGU,KOTA KOTAMOBAGU,0.68915,124.32678
385,7201,72,KABUPATEN BANGGAI KEPULAUAN,KABUPATEN BANGGAI KEPULAUAN,-1.6424,123.54881
386,7202,72,KABUPATEN BANGGAI,KABUPATEN BANGGAI,-1.2835,122.8892
387,7203,72,KABUPATEN MOROWALI,KABUPATEN MOROWALI,-1.89342,121.25473
388,7204,72,KABUPATEN POSO,KABUPATEN POSO,-1.65,120.5
389,7205,72,KABUPATEN DONGGALA,KABUPATEN DONGGALA,-0.58333,119.85
390,7206,72,KABUPATEN TOLI-TOLI,KABUPATEN TOLI-TOLI,1.30862,120.88643
391,7207,72,KABUPATEN BUOL,KABUPATEN BUOL,0.75,120.75
392,7208,72,KABUPATEN PARIGI MOUTONG,KABUPATEN PARIGI MOUTONG,0.33680000000000004,120.17841
393,7209,72,KABUPATEN TOJO UNA-UNA,KABUPATEN TOJO UNA-UNA,-1.2036,121.48201
394,7210,72,KABUPATEN SIGI,KABUPATEN SIGI,-1.385,119.96694
395,7211,72,KABUPATEN BANGGAI LAUT,KABUPATEN BANGGAI LAUT,-1.61841,123.49388
396,7212,72,KABUPATEN MOROWALI UTARA,KABUPATEN MOROWALI UTARA,-1.7207,121.24649
397,7271,72,KOTA PALU,KOTA PALU,-0.86972,119.9
398,7301,73,KABUPATEN KEPULAUAN SELAYAR,KABUPATEN KEPULAUAN SELAYAR,-6.81667,120.8
399,7302,73,KABUPATEN BULUKUMBA,KABUPATEN BULUKUMBA,-5.41667,120.23333
400,7303,73,KABUPATEN BANTAENG,KABUPATEN BANTAENG,-5.4833300000000005,119.98333
401,7304,73,KABUPATEN JENEPONTO,KABUPATEN JENEPONTO,-5.63333,119.73333
402,7305,73,KABUPATEN TAKALAR,KABUPATEN TAKALAR,-5.41667,119.51667
403,7306,73,KABUPATEN GOWA,KABUPATEN GOWA,-5.31667,119.75
404,7307,73,KABUPATEN SINJAI,KABUPATEN SINJAI,-5.21667,120.15
405,7308,73,KABUPATEN MAROS,KABUPATEN MAROS,-5.05,119.71667
406,7309,73,KABUPATEN PANGKAJENE DAN KEPULAUAN,KABUPATEN PANGKAJENE DAN KEPULAUAN,-4.7827,119.5506
407,7310,73,KABUPATEN BARRU,KABUPATEN BARRU,-4.43333,119.68333
408,7311,73,KABUPATEN BONE,KABUPATEN BONE,-4.7,120.13333
409,7312,73,KABUPATEN SOPPENG,KABUPATEN SOPPENG,-4.3842,119.89
410,7313,73,KABUPATEN WAJO,KABUPATEN WAJO,-4.0,120.16667
411,7314,73,KABUPATEN SIDENRENG RAPPANG,KABUPATEN SIDENRENG RAPPANG,-3.85,119.96667
412,7315,73,KABUPATEN PINRANG,KABUPATEN PINRANG,-3.61667,119.6
413,7316,73,KABUPATEN ENREKANG,KABUPATEN ENREKANG,-3.5,119.86667
414,7317,73,KABUPATEN LUWU,KABUPATEN LUWU,-2.5577,121.3242
415,7318,73,KABUPATEN TANA TORAJA,KABUPATEN TANA TORAJA,-3.0024,119.79655
416,7322,73,KABUPATEN LUWU UTARA,KABUPATEN LUWU UTARA,-2.6,120.25
417,7325,73,KABUPATEN LUWU TIMUR,KABUPATEN LUWU TIMUR,-2.50957,120.3978
418,7326,73,KABUPATEN TORAJA UTARA,KABUPATEN TORAJA UTARA,-2.9273800000000003,119.79218
419,7371,73,KOTA MAKASSAR,KOTA MAKASSAR,-5.15,119.45
420,7372,73,KOTA PARE-PARE,KOTA PARE-PARE,-4.03333,119.65
421,7373,73,KOTA PALOPO,KOTA PALOPO,-2.9784100000000002,120.11078
422,7401,74,KABUPATEN BUTON,KABUPATEN BUTON,-5.31667,122.58333
423,7402,74,KABUPATEN MUNA,KABUPATEN MUNA,-4.96667,122.66667
424,7403,74,KABUPATEN KONAWE,KABUPATEN KONAWE,-3.91717,122.08823
425,7404,74,KABUPATEN KOLAKA,KABUPATEN KOLAKA,-4.08333,121.66667
426,7405,74,KABUPATEN KONAWE SELATAN,KABUPATEN KONAWE SELATAN,-4.19191,122.44854
427,7406,74,KABUPATEN BOMBANA,KABUPATEN BOMBANA,-4.6257,121.81641
428,7407,74,KABUPATEN WAKATOBI,KABUPATEN WAKATOBI,-5.31934,123.5948
429,7408,74,KABUPATEN KOLAKA UTARA,KABUPATEN KOLAKA UTARA,-3.10452,121.12427
430,7409,74,KABUPATEN BUTON UTARA,KABUPATEN BUTON UTARA,-5.01457,122.93015
431,7410,74,KABUPATEN KONAWE UTARA,KABUPATEN KONAWE UTARA,-3.41552,121.99081
432,7411,74,KABUPATEN KOLAKA TIMUR,KABUPATEN KOLAKA TIMUR,-4.01807,121.86172
433,7412,74,KABUPATEN KONAWE KEPULAUAN,KABUPATEN KONAWE KEPULAUAN,-4.11656,123.10181
434,7413,74,KABUPATEN MUNA BARAT,KABUPATEN MUNA BARAT,-4.83333,122.48333
435,7414,74,KABUPATEN BUTON TENGAH,KABUPATEN BUTON TENGAH,-5.31667,122.33333
436,7415,74,KABUPATEN BUTON SELATAN,KABUPATEN BUTON SELATAN,-5.56667,122.7
437,7471,74,KOTA KENDARI,KOTA KENDARI,-3.98333,122.5
438,7472,74,KOTA BAUBAU,KOTA BAUBAU,-5.477,122.6166
439,7501,75,KABUPATEN BOALEMO,KABUPATEN BOALEMO,0.6268900000000001,122.3568
440,7502,75,KABUPATEN GORONTALO,KABUPATEN GORONTALO,0.5728,122.2337
441,7503,75,KABUPATEN POHUWATO,KABUPATEN POHUWATO,0.7098,121.59582
442,7504,75,KABUPATEN BONE BOLANGO,KABUPATEN BONE BOLANGO,0.5029600000000001,123.27501
443,7505,75,KABUPATEN GORONTALO UTARA,KABUPATEN GORONTALO UTARA,0.77,122.31667
444,7571,75,KOTA GORONTALO,KOTA GORONTALO,0.5333300000000001,123.1
445,7601,76,KABUPATEN MAJENE,KABUPATEN MAJENE,-3.15,118.86667
446,7602,76,KABUPATEN POLEWALI MANDAR,KABUPATEN POLEWALI MANDAR,-3.3,119.16667
447,7603,76,KABUPATEN MAMASA,KABUPATEN MAMASA,-2.96492,119.30631
448,7604,76,KABUPATEN MAMUJU,KABUPATEN MAMUJU,-2.5,119.41667
449,7605,76,KABUPATEN MAMUJU UTARA,KABUPATEN MAMUJU UTARA,-1.51639,119.42139
450,7606,76,KABUPATEN MAMUJU TENGAH,KABUPATEN MAMUJU TENGAH,-2.8212,119.2662
451,8101,81,KABUPATEN MALUKU TENGGARA BARAT,KABUPATEN MALUKU TENGGARA BARAT,-7.61186,131.38
452,8102,81,KABUPATEN MALUKU TENGGARA,KABUPATEN MALUKU TENGGARA,-5.75,132.73334
453,8103,81,KABUPATEN MALUKU TENGAH,KABUPATEN MALUKU TENGAH,-3.29167,128.9675
454,8104,81,KABUPATEN BURU,KABUPATEN BURU,-3.32767,126.68413
455,8105,81,KABUPATEN KEPULAUAN ARU,KABUPATEN KEPULAUAN ARU,-6.17059,134.46991
456,8106,81,KABUPATEN SERAM BAGIAN BARAT,KABUPATEN SERAM BAGIAN BARAT,-3.1027,128.42996
457,8107,81,KABUPATEN SERAM BAGIAN TIMUR,KABUPATEN SERAM BAGIAN TIMUR,-3.39851,130.39166
458,8108,81,KABUPATEN MALUKU BARAT DAYA,KABUPATEN MALUKU BARAT DAYA,-7.8296,126.17386
459,8109,81,KABUPATEN BURU SELATAN,KABUPATEN BURU SELATAN,-3.52187,126.59271
460,8171,81,KOTA AMBON,KOTA AMBON,-3.7,128.18333
461,8172,81,KOTA TUAL,KOTA TUAL,-5.64301,132.74934
462,8201,82,KABUPATEN HALMAHERA BARAT,KABUPATEN HALMAHERA BARAT,1.41709,127.55264
463,8202,82,KABUPATEN HALMAHERA TENGAH,KABUPATEN HALMAHERA TENGAH,0.48056000000000004,128.25
464,8203,82,KABUPATEN KEPULAUAN SULA,KABUPATEN KEPULAUAN SULA,-1.8646,125.69046
465,8204,82,KABUPATEN HALMAHERA SELATAN,KABUPATEN HALMAHERA SELATAN,-0.3955,127.90833
466,8205,82,KABUPATEN HALMAHERA UTARA,KABUPATEN HALMAHERA UTARA,1.73194,128.00778
467,8206,82,KABUPATEN HALMAHERA TIMUR,KABUPATEN HALMAHERA TIMUR,1.33517,128.48627
468,8207,82,KABUPATEN PULAU MOROTAI,KABUPATEN PULAU MOROTAI,2.19924,128.40546
469,8208,82,KABUPATEN PULAU TALIABU,KABUPATEN PULAU TALIABU,-1.84578,124.78992
470,8271,82,KOTA TERNATE,KOTA TERNATE,0.8961800000000001,127.31016
471,8272,82,KOTA TIDORE KEPULAUAN,KOTA TIDORE KEPULAUAN,0.60962,127.56981
472,9101,91,KABUPATEN FAK-FAK,KABUPATEN FAK-FAK,-2.92641,132.29608
473,9102,91,KABUPATEN KAIMANA,KABUPATEN KAIMANA,-3.66093,133.77451
474,9103,91,KABUPATEN TELUK WONDAMA,KABUPATEN TELUK WONDAMA,-2.7,134.5
475,9104,91,KABUPATEN TELUK BINTUNI,KABUPATEN TELUK BINTUNI,-1.88037,133.33105
476,9105,91,KABUPATEN MANOKWARI,KABUPATEN MANOKWARI,-0.9,133.75
477,9106,91,KABUPATEN SORONG SELATAN,KABUPATEN SORONG SELATAN,-1.50495,132.28638
478,9107,91,KABUPATEN SORONG,KABUPATEN SORONG,-1.16667,131.5
479,9108,91,KABUPATEN RAJA AMPAT,KABUPATEN RAJA AMPAT,-0.5,130.0
480,9109,91,KABUPATEN TAMBRAUW,KABUPATEN TAMBRAUW,-0.6051500000000001,132.48962
481,9110,91,KABUPATEN MAYBRAT,KABUPATEN MAYBRAT,-1.2155,132.35092
482,9111,91,KABUPATEN MANOKWARI SELATAN,KABUPATEN MANOKWARI SELATAN,-1.0798,133.96729
483,9112,91,KABUPATEN PEGUNUNGAN ARFAK,KABUPATEN PEGUNUNGAN ARFAK,-0.9352300000000001,133.89587
484,9171,91,KOTA SORONG,KOTA SORONG,-0.8650700000000001,131.25153
485,9401,94,KABUPATEN MERAUKE,KABUPATEN MERAUKE,-7.66667,139.66667
486,9402,94,KABUPATEN JAYAWIJAYA,KABUPATEN JAYAWIJAYA,-4.08333,139.08333
487,9403,94,KABUPATEN JAYAPURA,KABUPATEN JAYAPURA,-3.0,139.95
488,9404,94,KABUPATEN NABIRE,KABUPATEN NABIRE,-3.54016,135.55511
489,9408,94,KABUPATEN KEPULAUAN YAPEN,KABUPATEN KEPULAUAN YAPEN,-1.78773,136.27716
490,9409,94,KABUPATEN BIAK NUMFOR,KABUPATEN BIAK NUMFOR,-1.03333,136.0
491,9410,94,KABUPATEN PANIAI,KABUPATEN PANIAI,-3.9,136.60001
492,9411,94,KABUPATEN PUNCAK JAYA,KABUPATEN PUNCAK JAYA,-3.67241,137.43896
493,9412,94,KABUPATEN MIMIKA,KABUPATEN MIMIKA,-4.54357,136.56555
494,9413,94,KABUPATEN BOVEN DIGOEL,KABUPATEN BOVEN DIGOEL,-5.70519,140.36349
495,9414,94,KABUPATEN MAPPI,KABUPATEN MAPPI,-6.49971,139.34441
496,9415,94,KABUPATEN ASMAT,KABUPATEN ASMAT,-5.3795,138.46344
497,9416,94,KABUPATEN YAHUKIMO,KABUPATEN YAHUKIMO,-4.60403,139.58405
498,9417,94,KABUPATEN PEGUNUNGAN BINTANG,KABUPATEN PEGUNUNGAN BINTANG,-4.52167,140.29541
499,9418,94,KABUPATEN TOLIKARA,KABUPATEN TOLIKARA,-3.42661,137.41699
500,9419,94,KABUPATEN SARMI,KABUPATEN SARMI,-2.41667,139.08333
501,9420,94,KABUPATEN KEEROM,KABUPATEN KEEROM,-3.3,140.61667
502,9426,94,KABUPATEN WAROPEN,KABUPATEN WAROPEN,-2.286,137.01837
503,9427,94,KABUPATEN SUPIORI,KABUPATEN SUPIORI,-0.7388100000000001,135.61111
504,9428,94,KABUPATEN MAMBERAMO RAYA,KABUPATEN MAMBERAMO RAYA,-2.23561,137.78229
505,9429,94,KABUPATEN NDUGA,KABUPATEN NDUGA,-4.45093,138.10089
506,9430,94,KABUPATEN LANNY JAYA,KABUPATEN LANNY JAYA,-3.91244,138.28766
507,9431,94,KABUPATEN MAMBERAMO TENGAH,KABUPATEN MAMBERAMO TENGAH,-2.46064,138.45245
508,9432,94,KABUPATEN YALIMO,KABUPATEN YALIMO,-3.86037,138.47305
509,9433,94,KABUPATEN PUNCAK,KABUPATEN PUNCAK,-4.14204,137.09702
510,9434,94,KABUPATEN DOGIYAI,KABUPATEN DOGIYAI,-4.03186,135.43945
511,9435,94,KABUPATEN INTAN JAYA,KABUPATEN INTAN JAYA,-3.41016,136.70837
512,9436,94,KABUPATEN DEIYAI,KABUPATEN DEIYAI,-3.9473700000000003,135.95032
513,9471,94,KOTA JAYAPURA,KOTA JAYAPURA,-2.64647,140.77779
